[
  {
    "model": "leads.lead",
    "pk": 1,
    "fields": {
      "company": "Lynx Dx",
      "location": "333 Jackson Plaza Suite 600 Ann Arbor, MI, 48103",
      "base_salary": "70000.00",
      "min_salary": "60000.00",
      "max_salary": "120000.00",
      "role_name": "Junior Software Engineer",
      "remote_position": true,
      "start_date": null,
      "end_date": null,
      "employment_type": "FT",
      "employer_overview": "Join a dynamic, growing company tackling the world’s largest public health crisis. We are scientists, engineers, informaticists, pioneers, parents, students, researchers — and we are passionate about solving some of the world’s toughest challenges in healthcare.  LynxDx is a biotechnology company founded to commercialize a groundbreaking prostate cancer diagnostic test, known as MyProstateScore (MPS). This emerged from a genomic discovery made at the University of Michigan, from which the company is spun out of.  As the pandemic emerged in 2020, the company shifted its focus to COVID-19 PCR testing. Since the first test performed in May 2020, the lab grew to one of Michigan’s largest providers of COVID testing. Our COVID testing program is used by the University of Michigan, local hospitals, community drive-thrus, athletic programs, K-12 schools, and other partners across the State.  As part of our software development team, you will be working to develop and maintain our in-house custom-built laboratory information management system (LIMS), which powers all lab operations, direct-to-patient result reporting, and more.",
      "experience_requirements": "javascript, python, backend, sql, postgresql, git, command line,",
      "experience_preferred": "google cloud, react, testing, previous startup,azure",
      "application_submission": "employment/job_applications/2021/05/04/app.pdf",
      "application_status": "APP",
      "notes": ""
    }
  },
  {
    "model": "chat.message",
    "pk": 1,
    "fields": {
      "author": 2,
      "content": "Hello",
      "timestamp": "2021-04-26T01:33:52.008Z"
    }
  },
  {
    "model": "chat.message",
    "pk": 2,
    "fields": {
      "author": 1,
      "content": "hello",
      "timestamp": "2021-04-26T01:35:28.541Z"
    }
  },
  {
    "model": "chat.message",
    "pk": 3,
    "fields": {
      "author": 2,
      "content": "hello",
      "timestamp": "2021-04-26T01:35:40.870Z"
    }
  },
  {
    "model": "chat.message",
    "pk": 4,
    "fields": {
      "author": 2,
      "content": "helllo",
      "timestamp": "2021-04-26T01:36:13.024Z"
    }
  },
  {
    "model": "chat.message",
    "pk": 5,
    "fields": {
      "author": 2,
      "content": "hello",
      "timestamp": "2021-04-26T01:38:31.739Z"
    }
  },
  {
    "model": "chat.message",
    "pk": 6,
    "fields": {
      "author": 2,
      "content": "j",
      "timestamp": "2021-04-26T01:39:54.557Z"
    }
  },
  {
    "model": "chat.message",
    "pk": 7,
    "fields": {
      "author": 2,
      "content": "",
      "timestamp": "2021-04-26T01:39:55.824Z"
    }
  },
  {
    "model": "chat.message",
    "pk": 8,
    "fields": {
      "author": 2,
      "content": "",
      "timestamp": "2021-04-26T01:40:05.714Z"
    }
  },
  {
    "model": "chat.message",
    "pk": 9,
    "fields": {
      "author": 2,
      "content": "",
      "timestamp": "2021-04-26T01:40:06.360Z"
    }
  },
  {
    "model": "chat.message",
    "pk": 10,
    "fields": {
      "author": 2,
      "content": "",
      "timestamp": "2021-04-26T01:40:07.384Z"
    }
  },
  {
    "model": "chat.message",
    "pk": 11,
    "fields": {
      "author": 2,
      "content": "",
      "timestamp": "2021-04-26T01:40:08.066Z"
    }
  },
  {
    "model": "chat.message",
    "pk": 12,
    "fields": {
      "author": 2,
      "content": "",
      "timestamp": "2021-04-26T01:40:32.296Z"
    }
  },
  {
    "model": "chat.message",
    "pk": 13,
    "fields": {
      "author": 2,
      "content": "",
      "timestamp": "2021-04-26T01:40:57.531Z"
    }
  },
  {
    "model": "chat.message",
    "pk": 14,
    "fields": {
      "author": 2,
      "content": "",
      "timestamp": "2021-04-26T01:41:02.696Z"
    }
  },
  {
    "model": "chat.message",
    "pk": 15,
    "fields": {
      "author": 2,
      "content": "",
      "timestamp": "2021-04-26T01:41:49.844Z"
    }
  },
  {
    "model": "chat.message",
    "pk": 16,
    "fields": {
      "author": 2,
      "content": "hello",
      "timestamp": "2021-04-26T01:41:56.795Z"
    }
  },
  {
    "model": "chat.message",
    "pk": 17,
    "fields": {
      "author": 2,
      "content": "",
      "timestamp": "2021-04-26T01:44:07.456Z"
    }
  },
  {
    "model": "chat.message",
    "pk": 18,
    "fields": {
      "author": 2,
      "content": "",
      "timestamp": "2021-04-26T01:44:08.758Z"
    }
  },
  {
    "model": "chat.message",
    "pk": 19,
    "fields": {
      "author": 2,
      "content": "hello",
      "timestamp": "2021-04-26T01:44:12.747Z"
    }
  },
  {
    "model": "chat.message",
    "pk": 20,
    "fields": {
      "author": 2,
      "content": "hello",
      "timestamp": "2021-04-26T01:44:22.827Z"
    }
  },
  {
    "model": "chat.message",
    "pk": 21,
    "fields": {
      "author": 2,
      "content": "",
      "timestamp": "2021-04-26T01:47:27.724Z"
    }
  },
  {
    "model": "chat.message",
    "pk": 22,
    "fields": {
      "author": 2,
      "content": "hello",
      "timestamp": "2021-04-26T01:47:31.254Z"
    }
  },
  {
    "model": "chat.message",
    "pk": 23,
    "fields": {
      "author": 2,
      "content": "hello",
      "timestamp": "2021-04-26T01:48:59.788Z"
    }
  },
  {
    "model": "chat.message",
    "pk": 24,
    "fields": {
      "author": 1,
      "content": "dang man",
      "timestamp": "2021-04-26T01:49:25.975Z"
    }
  },
  {
    "model": "chat.message",
    "pk": 25,
    "fields": {
      "author": 3,
      "content": "what's up?",
      "timestamp": "2021-04-26T03:37:27.975Z"
    }
  },
  {
    "model": "chat.message",
    "pk": 26,
    "fields": {
      "author": 1,
      "content": "whats up brother",
      "timestamp": "2021-04-26T18:40:58.871Z"
    }
  },
  {
    "model": "chat.message",
    "pk": 27,
    "fields": {
      "author": 4,
      "content": "heyll",
      "timestamp": "2021-04-28T21:25:12.989Z"
    }
  },
  {
    "model": "chat.message",
    "pk": 28,
    "fields": {
      "author": 1,
      "content": "gey",
      "timestamp": "2021-04-28T21:25:49.124Z"
    }
  },
  {
    "model": "chat.message",
    "pk": 29,
    "fields": {
      "author": 4,
      "content": "i'm steve",
      "timestamp": "2021-04-28T21:26:39.989Z"
    }
  },
  {
    "model": "users.profile",
    "pk": 1,
    "fields": {
      "user": 3,
      "middle_name": null,
      "image": "profile_pictures/light.yagami/profile_image.jpg",
      "headline": null,
      "bio": null,
      "friends": []
    }
  },
  {
    "model": "users.profile",
    "pk": 2,
    "fields": {
      "user": 4,
      "middle_name": null,
      "image": "profile_pictures/lLawliet/profile_image.jpg",
      "headline": null,
      "bio": null,
      "friends": []
    }
  },
  {
    "model": "users.profile",
    "pk": 3,
    "fields": {
      "user": 1,
      "middle_name": "admin",
      "image": "profile_pictures/admin1/profile_image.jpg",
      "headline": null,
      "bio": "",
      "friends": [1, 2]
    }
  },
  {
    "model": "users.profile",
    "pk": 4,
    "fields": {
      "user": 2,
      "middle_name": null,
      "image": "profile_pictures/admin2/profile_image.jpg",
      "headline": null,
      "bio": null,
      "friends": []
    }
  },
  {
    "model": "users.profile",
    "pk": 5,
    "fields": {
      "user": 36,
      "middle_name": null,
      "image": "profile_pictures/ichigo.kurosaki/profile_image.jpg",
      "headline": null,
      "bio": null,
      "friends": [11, 37, 91]
    }
  },
  {
    "model": "users.profile",
    "pk": 6,
    "fields": {
      "user": 37,
      "middle_name": null,
      "image": "profile_pictures/rukia.kuchiki/profile_image.jpg",
      "headline": null,
      "bio": null,
      "friends": [37]
    }
  },
  {
    "model": "users.profile",
    "pk": 7,
    "fields": {
      "user": 11,
      "middle_name": null,
      "image": "profile_pictures/karin.kurosaki/profile_image.jpg",
      "headline": null,
      "bio": null,
      "friends": [11]
    }
  },
  {
    "model": "users.profile",
    "pk": 8,
    "fields": {
      "user": 12,
      "middle_name": null,
      "image": "profile_pictures/yuzu.kurosaki/profile_image.jpg",
      "headline": null,
      "bio": null,
      "friends": []
    }
  },
  {
    "model": "users.profile",
    "pk": 9,
    "fields": {
      "user": 91,
      "middle_name": null,
      "image": "profile_pictures/kazui.kurosaki/profile_image.jpg",
      "headline": null,
      "bio": null,
      "friends": []
    }
  },
  {
    "model": "users.profile",
    "pk": 10,
    "fields": {
      "user": 89,
      "middle_name": null,
      "image": "profile_pictures/ganju.shiba/profile_image.jpg",
      "headline": null,
      "bio": null,
      "friends": []
    }
  },
  {
    "model": "users.profile",
    "pk": 11,
    "fields": {
      "user": 93,
      "middle_name": null,
      "image": "profile_pictures/kaien.shiba/profile_image.jpg",
      "headline": null,
      "bio": "",
      "friends": [89]
    }
  },
  {
    "model": "users.profile",
    "pk": 12,
    "fields": {
      "user": 94,
      "middle_name": null,
      "image": "profile_pictures/miyako.shiba/profile_image.jpg",
      "headline": null,
      "bio": "",
      "friends": []
    }
  },
  {
    "model": "users.profile",
    "pk": 13,
    "fields": {
      "user": 41,
      "middle_name": "shigekuni",
      "image": "profile_pictures/genryusai.shigekuni.yamamoto/profile_image.jpg",
      "headline": "Former Captain Commander of the Gotei 13",
      "bio": "",
      "friends": []
    }
  },
  {
    "model": "users.profile",
    "pk": 14,
    "fields": {
      "user": 96,
      "middle_name": null,
      "image": "profile_pictures/chojiro.sasakibe/profile_image.jpg",
      "headline": null,
      "bio": "",
      "friends": []
    }
  },
  {
    "model": "users.profile",
    "pk": 15,
    "fields": {
      "user": 33,
      "middle_name": "nakk le",
      "image": "profile_pictures/askin.vaar/profile_image.jpg",
      "headline": "The \"D\" Death-dealing",
      "bio": "I'm a Shuttsushutafferu, for you uncultured swine that is German for \"Protective Echelon.\"",
      "friends": []
    }
  },
  {
    "model": "users.profile",
    "pk": 16,
    "fields": {
      "user": 24,
      "middle_name": "tu",
      "image": "profile_pictures/nelliel.tu.odelschwanck/profile_image.jpg",
      "headline": null,
      "bio": "",
      "friends": []
    }
  },
  {
    "model": "auth.user",
    "pk": 1,
    "fields": {
      "password": "pbkdf2_sha256$260000$vJiiiT3wuflkYDTjzvF0cX$xT5D/VgRADt+FTDykj06N/Ukmn5w3SkDMFO8A8Lv034=",
      "last_login": "2021-05-04T21:38:33.959Z",
      "is_superuser": true,
      "username": "admin1",
      "first_name": "admin",
      "last_name": "admin",
      "email": "admin1@example.com",
      "is_staff": true,
      "is_active": true,
      "date_joined": "2021-04-26T01:32:30Z",
      "groups": [],
      "user_permissions": []
    }
  },
  {
    "model": "auth.user",
    "pk": 2,
    "fields": {
      "password": "pbkdf2_sha256$260000$8pp9Ni2J9CjnLStVrPZpwy$AxpZjn833RewZK16mQbi0hivtANahyRjEPF4Dt6QzR4=",
      "last_login": "2021-04-26T01:33:40Z",
      "is_superuser": true,
      "username": "admin2",
      "first_name": "admin",
      "last_name": "admin",
      "email": "admin2@example.com",
      "is_staff": true,
      "is_active": true,
      "date_joined": "2021-04-26T01:32:42Z",
      "groups": [],
      "user_permissions": []
    }
  },
  {
    "model": "auth.user",
    "pk": 3,
    "fields": {
      "password": "pbkdf2_sha256$260000$g2ImhH7rsEZuoDsLdw0KjE$vG3EZO3nSAHc3EtGZRfqJKsusuSp5RqK+LMw/NzYDG8=",
      "last_login": "2021-04-26T03:15:47Z",
      "is_superuser": false,
      "username": "light.yagami",
      "first_name": "Light",
      "last_name": "Yagami",
      "email": "light.yagami@deathnote.com",
      "is_staff": false,
      "is_active": true,
      "date_joined": "2021-04-26T02:36:09Z",
      "groups": [],
      "user_permissions": []
    }
  },
  {
    "model": "auth.user",
    "pk": 4,
    "fields": {
      "password": "pbkdf2_sha256$260000$D9O5Kmy4QYB8h0rnERDKCT$4BJpbvhLqv3LY7x/BPGzk3Mg8eCAXxTHzm30HaW+vSs=",
      "last_login": null,
      "is_superuser": false,
      "username": "lLawliet",
      "first_name": "L",
      "last_name": "Lawliet",
      "email": "lLawliet@deathnote.com",
      "is_staff": false,
      "is_active": true,
      "date_joined": "2021-04-26T02:37:04Z",
      "groups": [],
      "user_permissions": []
    }
  },
  {
    "model": "auth.user",
    "pk": 5,
    "fields": {
      "password": "pbkdf2_sha256$260000$uuNC3iVB54Sh7MbgmRUNGi$0PUNm24fsjFfHmzDKfjCXzVhIyij3X72XpFPyxStcfU=",
      "last_login": null,
      "is_superuser": false,
      "username": "ryuk",
      "first_name": "ryuk",
      "last_name": "boredom",
      "email": "ryuk@shinigami.com",
      "is_staff": false,
      "is_active": true,
      "date_joined": "2021-05-01T01:07:39Z",
      "groups": [],
      "user_permissions": []
    }
  },
  {
    "model": "auth.user",
    "pk": 6,
    "fields": {
      "password": "pbkdf2_sha256$260000$wFodBS08YsUx8iIcpbWXum$ykdrnXZBwfpHEJ0O4aceDo7t8PIZUsIeciEJHqFgwkI=",
      "last_login": null,
      "is_superuser": false,
      "username": "shukuro.tsukishima",
      "first_name": "shūkurō",
      "last_name": "tsukishima",
      "email": "shukuro.tsukishima@karakuratown.com",
      "is_staff": false,
      "is_active": true,
      "date_joined": "2021-05-01T02:27:32Z",
      "groups": [],
      "user_permissions": []
    }
  },
  {
    "model": "auth.user",
    "pk": 7,
    "fields": {
      "password": "pbkdf2_sha256$260000$Q8Rb1zb8wxI31IZfnkYPal$mkq0muQBVVtfpvVXtdZemIzLiIlglGBLpzy9Zylmk/A=",
      "last_login": null,
      "is_superuser": false,
      "username": "kugo.ginjo",
      "first_name": "kūgo",
      "last_name": "ginjō",
      "email": "kugo.ginjo@karakuratown.com",
      "is_staff": false,
      "is_active": true,
      "date_joined": "2021-05-01T02:27:32Z",
      "groups": [],
      "user_permissions": []
    }
  },
  {
    "model": "auth.user",
    "pk": 8,
    "fields": {
      "password": "pbkdf2_sha256$260000$DvxZDZMJA4fCBzcG9qmk2Y$h2P/wwsbLF8HxxuWn/9bAHFrpoChKMHCW9KiKwjv3+g=",
      "last_login": null,
      "is_superuser": false,
      "username": "riruka.dokugamine",
      "first_name": "riruka",
      "last_name": "dokugamine",
      "email": "riruka.dokugamine@karakuratown.com",
      "is_staff": false,
      "is_active": true,
      "date_joined": "2021-05-01T02:27:32.752Z",
      "groups": [],
      "user_permissions": []
    }
  },
  {
    "model": "auth.user",
    "pk": 9,
    "fields": {
      "password": "pbkdf2_sha256$260000$dA0AImjlAedX8h32A4Ejvw$KabZlNbsActXRon1C7Nk0TEnAlGY5GDoTQh3LhkbHb8=",
      "last_login": null,
      "is_superuser": false,
      "username": "moe.shishigawara",
      "first_name": "moe",
      "last_name": "shishigawara",
      "email": "moe.shishigawara@karakuratown.com",
      "is_staff": false,
      "is_active": true,
      "date_joined": "2021-05-01T02:27:32.963Z",
      "groups": [],
      "user_permissions": []
    }
  },
  {
    "model": "auth.user",
    "pk": 10,
    "fields": {
      "password": "pbkdf2_sha256$260000$RQGN95nnl1qt7X0IUEwOvB$aKiOlg8BSHJLHf5RiqyriwsxKCciz2IxRFKmjblIQik=",
      "last_login": null,
      "is_superuser": false,
      "username": "yukio.hans",
      "first_name": "yukio",
      "last_name": "hans",
      "email": "yukio.hans@karakuratown.com",
      "is_staff": false,
      "is_active": true,
      "date_joined": "2021-05-01T02:27:33.157Z",
      "groups": [],
      "user_permissions": []
    }
  },
  {
    "model": "auth.user",
    "pk": 11,
    "fields": {
      "password": "pbkdf2_sha256$260000$JDSTgGiQZfPHyrRamnI3Z9$N25B9rhfMLVcdHfU49oe31uahIoQiROVrikbqbthljw=",
      "last_login": null,
      "is_superuser": false,
      "username": "karin.kurosaki",
      "first_name": "karin",
      "last_name": "kurosaki",
      "email": "karin.kurosaki@karakuratown.com",
      "is_staff": false,
      "is_active": true,
      "date_joined": "2021-05-01T02:27:33.347Z",
      "groups": [],
      "user_permissions": []
    }
  },
  {
    "model": "auth.user",
    "pk": 12,
    "fields": {
      "password": "pbkdf2_sha256$260000$TuGponydcxL5XungTzutwK$M4yCx1fO60Lta9xrbBbfvZ7XDJu2MHXcdIU/QunTcNk=",
      "last_login": null,
      "is_superuser": false,
      "username": "yuzu.kurosaki",
      "first_name": "yuzu",
      "last_name": "kurosaki",
      "email": "yuzu.kurosaki@karakuratown.com",
      "is_staff": false,
      "is_active": true,
      "date_joined": "2021-05-01T02:27:33.535Z",
      "groups": [],
      "user_permissions": []
    }
  },
  {
    "model": "auth.user",
    "pk": 13,
    "fields": {
      "password": "pbkdf2_sha256$260000$lSAkqh79WYsPE1yjArUNx9$81ZUG74HdfPRmUu9oLrjEMJJs6CJjo7gk/poK+IYsvc=",
      "last_login": null,
      "is_superuser": false,
      "username": "tatsuki.arisawa",
      "first_name": "tatsuki",
      "last_name": "arisawa",
      "email": "tatsuki.arisawa@karakuratown.com",
      "is_staff": false,
      "is_active": true,
      "date_joined": "2021-05-01T02:27:33.731Z",
      "groups": [],
      "user_permissions": []
    }
  },
  {
    "model": "auth.user",
    "pk": 14,
    "fields": {
      "password": "pbkdf2_sha256$260000$4vUWO4j2vnw4d4wm1YwETR$ywNTp28pDnpAaXr1FSuoWg9r2mruTK2IW9h8iojrKHw=",
      "last_login": null,
      "is_superuser": false,
      "username": "keigo.asano",
      "first_name": "keigo",
      "last_name": "asano",
      "email": "keigo.asano@karakuratown.com",
      "is_staff": false,
      "is_active": true,
      "date_joined": "2021-05-01T02:27:33.929Z",
      "groups": [],
      "user_permissions": []
    }
  },
  {
    "model": "auth.user",
    "pk": 15,
    "fields": {
      "password": "pbkdf2_sha256$260000$iywTndk9Nuh4DI0n0BCNs4$Vv2YCubpPUpeHdb990ukjqxpW/LH/BDbKgcP4qeDoaU=",
      "last_login": null,
      "is_superuser": false,
      "username": "don.kanonji",
      "first_name": "don",
      "last_name": "kanonji",
      "email": "don.kanonji@karakuratown.com",
      "is_staff": false,
      "is_active": true,
      "date_joined": "2021-05-01T02:27:34.112Z",
      "groups": [],
      "user_permissions": []
    }
  },
  {
    "model": "auth.user",
    "pk": 16,
    "fields": {
      "password": "pbkdf2_sha256$260000$IzPUDUKsXPHvvNrjMFM4gE$npybzlB3eCM4OIWSp3uN11WdUh4rpuv9elxvKP8s/uA=",
      "last_login": null,
      "is_superuser": false,
      "username": "yammy.llargo",
      "first_name": "yammy",
      "last_name": "llargo",
      "email": "yammy.llargo@huecomundo.com",
      "is_staff": false,
      "is_active": true,
      "date_joined": "2021-05-01T02:28:27.914Z",
      "groups": [],
      "user_permissions": []
    }
  },
  {
    "model": "auth.user",
    "pk": 17,
    "fields": {
      "password": "pbkdf2_sha256$260000$No1AeI0oksN6W4qf1lWXYg$WHyNPKp55K3T/+cRc3HEeMjx8ovOOmEZRBiagQeL/0A=",
      "last_login": null,
      "is_superuser": false,
      "username": "coyote.starrk",
      "first_name": "coyote",
      "last_name": "starrk",
      "email": "coyote.starrk@huecomundo.com",
      "is_staff": false,
      "is_active": true,
      "date_joined": "2021-05-01T02:28:28.129Z",
      "groups": [],
      "user_permissions": []
    }
  },
  {
    "model": "auth.user",
    "pk": 18,
    "fields": {
      "password": "pbkdf2_sha256$260000$EM4MKP2yGoyQtZ3PglFuB9$/zjsKZoMUjZ/mJrRDRyh43guLZ3conKXtWeelyp76Go=",
      "last_login": null,
      "is_superuser": false,
      "username": "baraggan.louisenbairn",
      "first_name": "baraggan",
      "last_name": "louisenbairn",
      "email": "baraggan.louisenbairn@huecomundo.com",
      "is_staff": false,
      "is_active": true,
      "date_joined": "2021-05-01T02:28:28.329Z",
      "groups": [],
      "user_permissions": []
    }
  },
  {
    "model": "auth.user",
    "pk": 19,
    "fields": {
      "password": "pbkdf2_sha256$260000$WPKoiGWmcd6cKHGZiRJERj$MNT6K9MCv49uxqOWwb2t5z76gXYBMCzlUhdP+/0gpnQ=",
      "last_login": null,
      "is_superuser": false,
      "username": "tier.harribel",
      "first_name": "tier",
      "last_name": "harribel",
      "email": "tier.harribel@huecomundo.com",
      "is_staff": false,
      "is_active": true,
      "date_joined": "2021-05-01T02:28:28.528Z",
      "groups": [],
      "user_permissions": []
    }
  },
  {
    "model": "auth.user",
    "pk": 20,
    "fields": {
      "password": "pbkdf2_sha256$260000$450mT6itXXNSSihjkKyA5S$V6kM+Dquedpi+5d5eWey4p70d/Bv6LyFyGPoPT+TthI=",
      "last_login": null,
      "is_superuser": false,
      "username": "ulquiorra.cifer",
      "first_name": "ulquiorra",
      "last_name": "cifer",
      "email": "ulquiorra.cifer@huecomundo.com",
      "is_staff": false,
      "is_active": true,
      "date_joined": "2021-05-01T02:28:28.720Z",
      "groups": [],
      "user_permissions": []
    }
  },
  {
    "model": "auth.user",
    "pk": 21,
    "fields": {
      "password": "pbkdf2_sha256$260000$7DorhmcBJKUvOsO5Vghqsu$lBqeCb8yKPJEKCLkIndIO1TkHivRg/oQpO6792IENFA=",
      "last_login": null,
      "is_superuser": false,
      "username": "nnoitra.gilga",
      "first_name": "nnoitra",
      "last_name": "gilga",
      "email": "nnoitra.gilga@huecomundo.com",
      "is_staff": false,
      "is_active": true,
      "date_joined": "2021-05-01T02:28:28.908Z",
      "groups": [],
      "user_permissions": []
    }
  },
  {
    "model": "auth.user",
    "pk": 22,
    "fields": {
      "password": "pbkdf2_sha256$260000$Pob1CvRkVPbnwf0rzddgKf$OHNHj3DTWqG55XrtJqPXLow5wQW9Sdgc5t3t8gyHl54=",
      "last_login": null,
      "is_superuser": false,
      "username": "grimmjow.jaegerjaquez",
      "first_name": "grimmjow",
      "last_name": "jaegerjaquez",
      "email": "grimmjow.jaegerjaquez@huecomundo.com",
      "is_staff": false,
      "is_active": true,
      "date_joined": "2021-05-01T02:28:29.132Z",
      "groups": [],
      "user_permissions": []
    }
  },
  {
    "model": "auth.user",
    "pk": 23,
    "fields": {
      "password": "pbkdf2_sha256$260000$OBpdrzjBIXnzakUYBZ9CEC$kYGlvLqYOfH2tQ+bOOEKuNKNYQL+M1IeUZ+Z30VPDyY=",
      "last_login": null,
      "is_superuser": false,
      "username": "szayelaporro.granz",
      "first_name": "szayelaporro",
      "last_name": "granz",
      "email": "szayelaporro.granz@huecomundo.com",
      "is_staff": false,
      "is_active": true,
      "date_joined": "2021-05-01T02:28:29.381Z",
      "groups": [],
      "user_permissions": []
    }
  },
  {
    "model": "auth.user",
    "pk": 24,
    "fields": {
      "password": "pbkdf2_sha256$260000$K6kqCxzDTjEmuJmJQYLVaV$MWil0OsU3sxgTD3OcsrgJ5D5W8Cif0glj4VTwtnowsY=",
      "last_login": null,
      "is_superuser": false,
      "username": "nelliel.tu.odelschwanck",
      "first_name": "nelliel",
      "last_name": "odelschwanck",
      "email": "nelliel.tu.odelschwanck@huecomundo.com",
      "is_staff": false,
      "is_active": true,
      "date_joined": "2021-05-01T02:28:29Z",
      "groups": [],
      "user_permissions": []
    }
  },
  {
    "model": "auth.user",
    "pk": 25,
    "fields": {
      "password": "pbkdf2_sha256$260000$eOfzeXk3I4YRaCzokNR4rs$x5YuP+TN/EJMcGzhH14hsDVIGDe5tL9POPRIP09j7Lg=",
      "last_login": null,
      "is_superuser": false,
      "username": "wonderweiss.margela",
      "first_name": "wonderweiss",
      "last_name": "margela",
      "email": "wonderweiss.margela@huecomundo.com",
      "is_staff": false,
      "is_active": true,
      "date_joined": "2021-05-01T02:28:29.845Z",
      "groups": [],
      "user_permissions": []
    }
  },
  {
    "model": "auth.user",
    "pk": 26,
    "fields": {
      "password": "pbkdf2_sha256$260000$0OAsV3g5WPXiNzILhuMMLF$u7FV+Y/8hqVR8HUbicWoXrgmXTxTHff7jJ6CrBoqulU=",
      "last_login": null,
      "is_superuser": false,
      "username": "yhwach.quincy",
      "first_name": "yhwach",
      "last_name": "quincy",
      "email": "yhwach.quincy@karakuratown.com",
      "is_staff": false,
      "is_active": true,
      "date_joined": "2021-05-01T02:28:56.337Z",
      "groups": [],
      "user_permissions": []
    }
  },
  {
    "model": "auth.user",
    "pk": 27,
    "fields": {
      "password": "pbkdf2_sha256$260000$HM7Ec69VOxCLCrH8B9yawZ$O+8vW4NLXM6K9vhwzCuv5+A6PejN0H+mrrLrf+0F10E=",
      "last_login": null,
      "is_superuser": false,
      "username": "masaki.kurosaki",
      "first_name": "masaki",
      "last_name": "kurosaki",
      "email": "masaki.kurosaki@karakuratown.com",
      "is_staff": false,
      "is_active": true,
      "date_joined": "2021-05-01T02:28:56.556Z",
      "groups": [],
      "user_permissions": []
    }
  },
  {
    "model": "auth.user",
    "pk": 28,
    "fields": {
      "password": "pbkdf2_sha256$260000$miRBeRQ8UT743HS3w9Rurn$XVjuJ274Dgbmf04G8awYxFo++G0jWitxZ4PsGSFhvg0=",
      "last_login": null,
      "is_superuser": false,
      "username": "uryu.ishida",
      "first_name": "uryū",
      "last_name": "ishida",
      "email": "uryu.ishida@karakuratown.com",
      "is_staff": false,
      "is_active": true,
      "date_joined": "2021-05-01T02:28:56Z",
      "groups": [],
      "user_permissions": []
    }
  },
  {
    "model": "auth.user",
    "pk": 29,
    "fields": {
      "password": "pbkdf2_sha256$260000$Cv4VCga4hXax892q5zuBpF$D5osbCK6UH7NeJ1FtH/wirUdJyHQC1C99YagTyw7a+g=",
      "last_login": null,
      "is_superuser": false,
      "username": "ryuken.ishida",
      "first_name": "ryūken",
      "last_name": "ishida",
      "email": "ryuken.ishida@karakuratown.com",
      "is_staff": false,
      "is_active": true,
      "date_joined": "2021-05-01T02:28:56Z",
      "groups": [],
      "user_permissions": []
    }
  },
  {
    "model": "auth.user",
    "pk": 30,
    "fields": {
      "password": "pbkdf2_sha256$260000$l1R6nA8Wcx7uO9vZP63qFE$s3vCZ5ZSerWUeqoQSGNIhYu03D9AExTbF+onssGezuU=",
      "last_login": null,
      "is_superuser": false,
      "username": "jugram.haschwalth",
      "first_name": "jugram",
      "last_name": "haschwalth",
      "email": "jugram.haschwalth@karakuratown.com",
      "is_staff": false,
      "is_active": true,
      "date_joined": "2021-05-01T02:28:57.199Z",
      "groups": [],
      "user_permissions": []
    }
  },
  {
    "model": "auth.user",
    "pk": 31,
    "fields": {
      "password": "pbkdf2_sha256$260000$xyBCVXnG9jJXCBvV40VcIW$wSMg5/2azOfheEy71ORD/cPdqEZgxUkLvMnMvW4Xyg4=",
      "last_login": null,
      "is_superuser": false,
      "username": "bazz.b",
      "first_name": "bazz",
      "last_name": "b",
      "email": "bazz.b@karakuratown.com",
      "is_staff": false,
      "is_active": true,
      "date_joined": "2021-05-01T02:28:57.396Z",
      "groups": [],
      "user_permissions": []
    }
  },
  {
    "model": "auth.user",
    "pk": 32,
    "fields": {
      "password": "pbkdf2_sha256$260000$D7ClzBwcR4rdMwo9d1u3Dv$sLG4bd4NbxnBGBPR0cw62DLX+W7Wwqkq6IsWv9jdWd8=",
      "last_login": null,
      "is_superuser": false,
      "username": "bambietta.basterbine",
      "first_name": "bambietta",
      "last_name": "basterbine",
      "email": "bambietta.basterbine@karakuratown.com",
      "is_staff": false,
      "is_active": true,
      "date_joined": "2021-05-01T02:28:57.605Z",
      "groups": [],
      "user_permissions": []
    }
  },
  {
    "model": "auth.user",
    "pk": 33,
    "fields": {
      "password": "pbkdf2_sha256$260000$TVUEUEwzbqNEDJOGNZbbw2$vNm6E6VDbEpnpuSl49/XBW5hHoRqHXPa4HlPGtWTWMo=",
      "last_login": null,
      "is_superuser": false,
      "username": "askin.vaar",
      "first_name": "askin",
      "last_name": "vaar",
      "email": "askin.nakk.le.vaar@karakuratown.com",
      "is_staff": false,
      "is_active": true,
      "date_joined": "2021-05-01T02:28:57Z",
      "groups": [],
      "user_permissions": []
    }
  },
  {
    "model": "auth.user",
    "pk": 34,
    "fields": {
      "password": "pbkdf2_sha256$260000$wiB6exCcNaQhtX0QtU2ZBy$4Rxda9TqKAObTYMPkLJOgx9rYMsjxcNil5t2FZYrGjQ=",
      "last_login": null,
      "is_superuser": false,
      "username": "quilge.opie",
      "first_name": "quilge",
      "last_name": "opie",
      "email": "quilge.opie@karakuratown.com",
      "is_staff": false,
      "is_active": true,
      "date_joined": "2021-05-01T02:28:58.028Z",
      "groups": [],
      "user_permissions": []
    }
  },
  {
    "model": "auth.user",
    "pk": 35,
    "fields": {
      "password": "pbkdf2_sha256$260000$qMsQ1IGLUFcp97V5HBpRnx$hT1LTXMoIhnYn7StweEyoSf3AeP0h9howDsq1gWs4t0=",
      "last_login": null,
      "is_superuser": false,
      "username": "gremmy.thoumeaux",
      "first_name": "gremmy",
      "last_name": "thoumeaux",
      "email": "gremmy.thoumeaux@karakuratown.com",
      "is_staff": false,
      "is_active": true,
      "date_joined": "2021-05-01T02:28:58.265Z",
      "groups": [],
      "user_permissions": []
    }
  },
  {
    "model": "auth.user",
    "pk": 36,
    "fields": {
      "password": "pbkdf2_sha256$260000$r1saCv5tKdRurI4Xgudffm$QC6OqDsbVqbRJFGEQ55Y6L95lBGAD+Ds6NBcC8+ArV0=",
      "last_login": "2021-05-01T03:28:29.976Z",
      "is_superuser": false,
      "username": "ichigo.kurosaki",
      "first_name": "ichigo",
      "last_name": "kurosaki",
      "email": "ichigo.kurosaki@soulsociety.com",
      "is_staff": false,
      "is_active": true,
      "date_joined": "2021-05-01T02:29:22.717Z",
      "groups": [],
      "user_permissions": []
    }
  },
  {
    "model": "auth.user",
    "pk": 37,
    "fields": {
      "password": "pbkdf2_sha256$260000$YI0NgJCY2BJVUnEA2DtBFn$/Y+yqquj/Qq2HGbtVCZLqNAXwDTh63vuEbBnW+mE6ak=",
      "last_login": null,
      "is_superuser": false,
      "username": "rukia.kuchiki",
      "first_name": "rukia",
      "last_name": "kuchiki",
      "email": "rukia.kuchiki@soulsociety.com",
      "is_staff": false,
      "is_active": true,
      "date_joined": "2021-05-01T02:29:22.922Z",
      "groups": [],
      "user_permissions": []
    }
  },
  {
    "model": "auth.user",
    "pk": 38,
    "fields": {
      "password": "pbkdf2_sha256$260000$aFxVS7BlnCpukFDQ5js7Kw$cpjCr3ErSbZ0AfJ69TwJ3pslL5Ha1+bGhnEmLIDAoxU=",
      "last_login": null,
      "is_superuser": false,
      "username": "orihime.inoue",
      "first_name": "orihime",
      "last_name": "inoue",
      "email": "orihime.inoue@soulsociety.com",
      "is_staff": false,
      "is_active": true,
      "date_joined": "2021-05-01T02:51:40.482Z",
      "groups": [],
      "user_permissions": []
    }
  },
  {
    "model": "auth.user",
    "pk": 39,
    "fields": {
      "password": "pbkdf2_sha256$260000$7SLmVTSeK1iPmJfU0R9H2c$0DpXKIRdetGDLTqxnBOYR8E3jbl3euzl6aagpAXVcsE=",
      "last_login": null,
      "is_superuser": false,
      "username": "yasutora.sado",
      "first_name": "yasutora",
      "last_name": "sado",
      "email": "yasutora.sado@soulsociety.com",
      "is_staff": false,
      "is_active": true,
      "date_joined": "2021-05-01T02:51:40.801Z",
      "groups": [],
      "user_permissions": []
    }
  },
  {
    "model": "auth.user",
    "pk": 40,
    "fields": {
      "password": "pbkdf2_sha256$260000$BagD07X01MQcNC4CBSABAV$Rs6Lax06+QywEbK2ExhA6GUNw4s6Wjg/nWTTNyUsm9c=",
      "last_login": null,
      "is_superuser": false,
      "username": "renji.abarai",
      "first_name": "renji",
      "last_name": "abarai",
      "email": "renji.abarai@soulsociety.com",
      "is_staff": false,
      "is_active": true,
      "date_joined": "2021-05-01T02:51:41.014Z",
      "groups": [],
      "user_permissions": []
    }
  },
  {
    "model": "auth.user",
    "pk": 41,
    "fields": {
      "password": "pbkdf2_sha256$260000$fy9ezMolvREtNclASxgjSr$jEISCLKBzim6UoEYv0njGMZCvBH1gzzgp30EApZEwlk=",
      "last_login": null,
      "is_superuser": false,
      "username": "genryusai.shigekuni.yamamoto",
      "first_name": "genryūsai",
      "last_name": "yamamoto",
      "email": "genryusai.shigekuni.yamamoto@soulsociety.com",
      "is_staff": false,
      "is_active": true,
      "date_joined": "2021-05-01T02:51:41Z",
      "groups": [],
      "user_permissions": []
    }
  },
  {
    "model": "auth.user",
    "pk": 42,
    "fields": {
      "password": "pbkdf2_sha256$260000$frXbqeR2K0SgDTwwoi63fK$cRZ6omE1SBCagwxU2DPVUoJCmgXvD2iHZ7HUvIGsknY=",
      "last_login": null,
      "is_superuser": false,
      "username": "retsu.unohana",
      "first_name": "retsu",
      "last_name": "unohana",
      "email": "retsu.unohana@soulsociety.com",
      "is_staff": false,
      "is_active": true,
      "date_joined": "2021-05-01T02:51:41.440Z",
      "groups": [],
      "user_permissions": []
    }
  },
  {
    "model": "auth.user",
    "pk": 43,
    "fields": {
      "password": "pbkdf2_sha256$260000$hscEegjAXB7dRlcw8prQPR$48ewfCaqVjrpZwTHwkA8nF6jTueLZQNRUomPdx59e6E=",
      "last_login": null,
      "is_superuser": false,
      "username": "byakuya.kuchiki",
      "first_name": "byakuya",
      "last_name": "kuchiki",
      "email": "byakuya.kuchiki@soulsociety.com",
      "is_staff": false,
      "is_active": true,
      "date_joined": "2021-05-01T02:51:41.653Z",
      "groups": [],
      "user_permissions": []
    }
  },
  {
    "model": "auth.user",
    "pk": 44,
    "fields": {
      "password": "pbkdf2_sha256$260000$6pgrc0AFMmEROhgkj53gtA$p7zk0JaGGZVjLXkS0JD8EDNdC+dBZLinoplAxKEBoDk=",
      "last_login": null,
      "is_superuser": false,
      "username": "shunsui.kyoraku",
      "first_name": "shunsui",
      "last_name": "kyōraku",
      "email": "shunsui.kyoraku@soulsociety.com",
      "is_staff": false,
      "is_active": true,
      "date_joined": "2021-05-01T02:51:41Z",
      "groups": [],
      "user_permissions": []
    }
  },
  {
    "model": "auth.user",
    "pk": 45,
    "fields": {
      "password": "pbkdf2_sha256$260000$epAbuDINKJlZj5lHCkgok9$3yK/hRpp3vFOACdDUX2tuYqhTsdl5spOWoQ3bacd6gg=",
      "last_login": null,
      "is_superuser": false,
      "username": "toshiro.hitsugaya",
      "first_name": "tōshirō",
      "last_name": "hitsugaya",
      "email": "toshiro.hitsugaya@soulsociety.com",
      "is_staff": false,
      "is_active": true,
      "date_joined": "2021-05-01T02:51:42Z",
      "groups": [],
      "user_permissions": []
    }
  },
  {
    "model": "auth.user",
    "pk": 46,
    "fields": {
      "password": "pbkdf2_sha256$260000$8ubdT4BdRnHJaKMrOClfNm$ErUpld+QBt6F47O6juGUMw1lvwZCZEczqfhDQlVZPKc=",
      "last_login": null,
      "is_superuser": false,
      "username": "kenpachi.zaraki",
      "first_name": "kenpachi",
      "last_name": "zaraki",
      "email": "kenpachi.zaraki@soulsociety.com",
      "is_staff": false,
      "is_active": true,
      "date_joined": "2021-05-01T02:51:42.392Z",
      "groups": [],
      "user_permissions": []
    }
  },
  {
    "model": "auth.user",
    "pk": 47,
    "fields": {
      "password": "pbkdf2_sha256$260000$R979usdQX6exdt7wTVKORl$LLfKJ04SLDDFtPk88Tjxceo78XWV+pL2XU7vYEF3+gc=",
      "last_login": null,
      "is_superuser": false,
      "username": "mayuri.kurotsuchi",
      "first_name": "mayuri",
      "last_name": "kurotsuchi",
      "email": "mayuri.kurotsuchi@soulsociety.com",
      "is_staff": false,
      "is_active": true,
      "date_joined": "2021-05-01T02:51:42.606Z",
      "groups": [],
      "user_permissions": []
    }
  },
  {
    "model": "auth.user",
    "pk": 48,
    "fields": {
      "password": "pbkdf2_sha256$260000$23x3BxVmGHcmGjPKGEsWQv$dFErHT9LDD6n2tVZss4GbyYdipX2flOlAwnbWsXEiuk=",
      "last_login": null,
      "is_superuser": false,
      "username": "sosuke.aizen",
      "first_name": "sōsuke",
      "last_name": "aizen",
      "email": "sosuke.aizen@soulsociety.com",
      "is_staff": false,
      "is_active": true,
      "date_joined": "2021-05-01T02:51:42Z",
      "groups": [],
      "user_permissions": []
    }
  },
  {
    "model": "auth.user",
    "pk": 49,
    "fields": {
      "password": "pbkdf2_sha256$260000$QPnJkzaPf14Twmw6K4mfXA$Tvo6Yojbo5hdl3ZmGhMs2tfCXd8mvB6VLYJMYq8gyh4=",
      "last_login": null,
      "is_superuser": false,
      "username": "kisuke.urahara",
      "first_name": "kisuke",
      "last_name": "urahara",
      "email": "kisuke.urahara@soulsociety.com",
      "is_staff": false,
      "is_active": true,
      "date_joined": "2021-05-01T02:51:43.041Z",
      "groups": [],
      "user_permissions": []
    }
  },
  {
    "model": "auth.user",
    "pk": 50,
    "fields": {
      "password": "pbkdf2_sha256$260000$jDm42Hx1xAbEuU2s425w7y$0GVnFXqKLw/4QYYLYj2ZSX51ot/Hq+4o4y1OV9rjS8o=",
      "last_login": null,
      "is_superuser": false,
      "username": "yoruichi.shihoin",
      "first_name": "yoruichi",
      "last_name": "shihōin",
      "email": "yoruichi.shihoin@soulsociety.com",
      "is_staff": false,
      "is_active": true,
      "date_joined": "2021-05-01T02:51:43Z",
      "groups": [],
      "user_permissions": []
    }
  },
  {
    "model": "auth.user",
    "pk": 51,
    "fields": {
      "password": "pbkdf2_sha256$260000$5dnJI4iBTfzVPNdjAXCrmR$rGNreSMyM6O8wOSZzNh73f0BhPnpd7808lS47bUEeCI=",
      "last_login": null,
      "is_superuser": false,
      "username": "aida.shinigami",
      "first_name": "aida",
      "last_name": "shinigami",
      "email": "aida.shinigami@soulsociety.com",
      "is_staff": false,
      "is_active": true,
      "date_joined": "2021-05-01T02:51:43.439Z",
      "groups": [],
      "user_permissions": []
    }
  },
  {
    "model": "auth.user",
    "pk": 52,
    "fields": {
      "password": "pbkdf2_sha256$260000$MF0Uzq6V8jaLHt4CqyaaTT$6NlMa8YlajxeYcTWBn5kpXdNa9+Cl9M7D9dN+xp9l+U=",
      "last_login": null,
      "is_superuser": false,
      "username": "yasochika.iemura",
      "first_name": "yasochika",
      "last_name": "iemura",
      "email": "yasochika.iemura@soulsociety.com",
      "is_staff": false,
      "is_active": true,
      "date_joined": "2021-05-01T02:51:43.652Z",
      "groups": [],
      "user_permissions": []
    }
  },
  {
    "model": "auth.user",
    "pk": 53,
    "fields": {
      "password": "pbkdf2_sha256$260000$G3DdnRMaXW0qrO8nmxhWFd$tvJpmem7m6Fc1lSjhgfsFimZUflLWc+w3CWZOn5vdUU=",
      "last_login": null,
      "is_superuser": false,
      "username": "maki.ichinose",
      "first_name": "maki",
      "last_name": "ichinose",
      "email": "maki.ichinose@soulsociety.com",
      "is_staff": false,
      "is_active": true,
      "date_joined": "2021-05-01T02:51:43.858Z",
      "groups": [],
      "user_permissions": []
    }
  },
  {
    "model": "auth.user",
    "pk": 54,
    "fields": {
      "password": "pbkdf2_sha256$260000$1QosYvgypdp6QXVCWhczU2$XnC5XSgWJBhqvSTsAWCEE3N4JadW8iSEY4jHOgD4Lsg=",
      "last_login": null,
      "is_superuser": false,
      "username": "tetsuzaemon.iba",
      "first_name": "tetsuzaemon",
      "last_name": "iba",
      "email": "tetsuzaemon.iba@soulsociety.com",
      "is_staff": false,
      "is_active": true,
      "date_joined": "2021-05-01T02:51:44.074Z",
      "groups": [],
      "user_permissions": []
    }
  },
  {
    "model": "auth.user",
    "pk": 55,
    "fields": {
      "password": "pbkdf2_sha256$260000$ZmUvIIX0SfIpkCupVvKqrh$YdoY5ANJaQpnZjOCj4Av4lsoN73grHlEIcWgFf5E1ME=",
      "last_login": null,
      "is_superuser": false,
      "username": "shuhei.hisagi",
      "first_name": "shūhei",
      "last_name": "hisagi",
      "email": "shuhei.hisagi@soulsociety.com",
      "is_staff": false,
      "is_active": true,
      "date_joined": "2021-05-01T02:51:44Z",
      "groups": [],
      "user_permissions": []
    }
  },
  {
    "model": "auth.user",
    "pk": 56,
    "fields": {
      "password": "pbkdf2_sha256$260000$HCoH9Jkv2Eao9AuOYiI6h0$J+mx5tIOZmrJ+w3i4Z/ipe2DcE0XXfaK20Hs+ZhBqQc=",
      "last_login": null,
      "is_superuser": false,
      "username": "hiyosu.shinigami",
      "first_name": "hiyosu",
      "last_name": "shinigami",
      "email": "hiyosu.shinigami@soulsociety.com",
      "is_staff": false,
      "is_active": true,
      "date_joined": "2021-05-01T02:51:44.497Z",
      "groups": [],
      "user_permissions": []
    }
  },
  {
    "model": "auth.user",
    "pk": 57,
    "fields": {
      "password": "pbkdf2_sha256$260000$2FR7DMePoa7xHbMrTw9vwH$lcKvHtaXdXsgYyzpU/1LrDGRkwF2Og6tcmOh9bnWsJI=",
      "last_login": null,
      "is_superuser": false,
      "username": "ichibe.hyosube",
      "first_name": "ichibē",
      "last_name": "hyōsube",
      "email": "ichibe.hyosube@soulsociety.com",
      "is_staff": false,
      "is_active": true,
      "date_joined": "2021-05-01T02:51:44Z",
      "groups": [],
      "user_permissions": []
    }
  },
  {
    "model": "auth.user",
    "pk": 58,
    "fields": {
      "password": "pbkdf2_sha256$260000$PqMXqXIOc67Xdrz4kcETDz$kgCzR88IrXeFqbUySJxqWNwf1d9/7LbKMoBcRjDN6vc=",
      "last_login": null,
      "is_superuser": false,
      "username": "momo.hinamori",
      "first_name": "momo",
      "last_name": "hinamori",
      "email": "momo.hinamori@soulsociety.com",
      "is_staff": false,
      "is_active": true,
      "date_joined": "2021-05-01T02:51:44.919Z",
      "groups": [],
      "user_permissions": []
    }
  },
  {
    "model": "auth.user",
    "pk": 59,
    "fields": {
      "password": "pbkdf2_sha256$260000$QC869P0EYsNSku8Z12O5ly$/PJDYEtJB1EhxFnAWHu0DWFHGFHob1G8z5TopjhujG0=",
      "last_login": null,
      "is_superuser": false,
      "username": "kirio.hikifune",
      "first_name": "kirio",
      "last_name": "hikifune",
      "email": "kirio.hikifune@soulsociety.com",
      "is_staff": false,
      "is_active": true,
      "date_joined": "2021-05-01T02:51:45.135Z",
      "groups": [],
      "user_permissions": []
    }
  },
  {
    "model": "auth.user",
    "pk": 60,
    "fields": {
      "password": "pbkdf2_sha256$260000$xD2AyyDaLqQgmClX2h2QTt$nPxI0uKzpCtPW8E8396KgfsC1xHYBb4GFgBGH1VSEa8=",
      "last_login": null,
      "is_superuser": false,
      "username": "seizo.harugasaki",
      "first_name": "seizo",
      "last_name": "harugasaki",
      "email": "seizo.harugasaki@soulsociety.com",
      "is_staff": false,
      "is_active": true,
      "date_joined": "2021-05-01T02:51:45.357Z",
      "groups": [],
      "user_permissions": []
    }
  },
  {
    "model": "auth.user",
    "pk": 61,
    "fields": {
      "password": "pbkdf2_sha256$260000$D7w9ogPm8la5WsoZuqxnwK$F8rhSOgu7EVAqLVIfZ+umMDLkbt81QAoBDsFwPQDogI=",
      "last_login": null,
      "is_superuser": false,
      "username": "goteitaishi.shinigami",
      "first_name": "goteitaishi",
      "last_name": "shinigami",
      "email": "goteitaishi.shinigami@soulsociety.com",
      "is_staff": false,
      "is_active": true,
      "date_joined": "2021-05-01T02:51:45.565Z",
      "groups": [],
      "user_permissions": []
    }
  },
  {
    "model": "auth.user",
    "pk": 62,
    "fields": {
      "password": "pbkdf2_sha256$260000$XGF2MDpef0rRwbhaDFwwDv$8YKbIGbsiAKs/FxwC0BGPJPL3WhOeGvBljqzfKiuCrM=",
      "last_login": null,
      "is_superuser": false,
      "username": "shinobu.eishima",
      "first_name": "shinobu",
      "last_name": "eishima",
      "email": "shinobu.eishima@soulsociety.com",
      "is_staff": false,
      "is_active": true,
      "date_joined": "2021-05-01T02:51:45.775Z",
      "groups": [],
      "user_permissions": []
    }
  },
  {
    "model": "auth.user",
    "pk": 63,
    "fields": {
      "password": "pbkdf2_sha256$260000$OI9j214IT4MdUiBpp6yN6G$Hz66eRWQ8q11Xc+kfsFnhLC8DkLXw0je4VNyc2XMIPo=",
      "last_login": null,
      "is_superuser": false,
      "username": "tatsufusa.enjoji",
      "first_name": "tatsufusa",
      "last_name": "enjōji",
      "email": "tatsufusa.enjoji@soulsociety.com",
      "is_staff": false,
      "is_active": true,
      "date_joined": "2021-05-01T02:51:45Z",
      "groups": [],
      "user_permissions": []
    }
  },
  {
    "model": "auth.user",
    "pk": 64,
    "fields": {
      "password": "pbkdf2_sha256$260000$qqi8ZDsOaqpTJuQTiBjm0Q$NqHRNSaidiDhrf327mOpDO+sH8w65jTYPOGgXTIvwPw=",
      "last_login": null,
      "is_superuser": false,
      "username": "rusaburo.enkogawa",
      "first_name": "rusaburō",
      "last_name": "enkōgawa",
      "email": "rusaburo.enkogawa@soulsociety.com",
      "is_staff": false,
      "is_active": true,
      "date_joined": "2021-05-01T02:51:46Z",
      "groups": [],
      "user_permissions": []
    }
  },
  {
    "model": "auth.user",
    "pk": 65,
    "fields": {
      "password": "pbkdf2_sha256$260000$U6vsEEwL5NBd5c13d4VCaD$ODMoomvV7GfyvvkBG/E3QWbH0AYfet5Wkix7QX96Jro=",
      "last_login": null,
      "is_superuser": false,
      "username": "taketsuna.gori",
      "first_name": "taketsuna",
      "last_name": "gori",
      "email": "taketsuna.gori@soulsociety.com",
      "is_staff": false,
      "is_active": true,
      "date_joined": "2021-05-01T02:51:46.410Z",
      "groups": [],
      "user_permissions": []
    }
  },
  {
    "model": "auth.user",
    "pk": 66,
    "fields": {
      "password": "pbkdf2_sha256$260000$EsMwU308YWyOML5MUfBIAV$o8StUwdo9S4Qi2Ub+Gu2y/qq+yDectBQR5VeXHaxHoE=",
      "last_login": null,
      "is_superuser": false,
      "username": "baishin.shinigami",
      "first_name": "baishin",
      "last_name": "shinigami",
      "email": "baishin.shinigami@soulsociety.com",
      "is_staff": false,
      "is_active": true,
      "date_joined": "2021-05-01T02:51:46.615Z",
      "groups": [],
      "user_permissions": []
    }
  },
  {
    "model": "auth.user",
    "pk": 67,
    "fields": {
      "password": "pbkdf2_sha256$260000$hl1EYW6DADrlzJIfM3qfwq$z/Og+r9tQsdZNgls8NBgOI6dQDsO4P5fsI9wAUGHXbo=",
      "last_login": null,
      "is_superuser": false,
      "username": "yumichika.ayasegawa",
      "first_name": "yumichika",
      "last_name": "ayasegawa",
      "email": "yumichika.ayasegawa@soulsociety.com",
      "is_staff": false,
      "is_active": true,
      "date_joined": "2021-05-01T02:51:46.818Z",
      "groups": [],
      "user_permissions": []
    }
  },
  {
    "model": "auth.user",
    "pk": 68,
    "fields": {
      "password": "pbkdf2_sha256$260000$xDxJ6tjUCI01VOiOmFJ1fq$Sv5eGqvRihGpHDevrQf3ZgBudLzEdWb/rtbt/bh6ld0=",
      "last_login": null,
      "is_superuser": false,
      "username": "makizo.aramaki",
      "first_name": "makizō",
      "last_name": "aramaki",
      "email": "makizo.aramaki@soulsociety.com",
      "is_staff": false,
      "is_active": true,
      "date_joined": "2021-05-01T02:51:47Z",
      "groups": [],
      "user_permissions": []
    }
  },
  {
    "model": "auth.user",
    "pk": 69,
    "fields": {
      "password": "pbkdf2_sha256$260000$tEgzbnul19MfqkP07IrJVi$qP2BZ8Tztm+8XEWBRg0/BPftNE7oqaPXxK1bVGEFUDs=",
      "last_login": null,
      "is_superuser": false,
      "username": "shusuke.amagai",
      "first_name": "shūsuke",
      "last_name": "amagai",
      "email": "shusuke.amagai@soulsociety.com",
      "is_staff": false,
      "is_active": true,
      "date_joined": "2021-05-01T02:51:47Z",
      "groups": [],
      "user_permissions": []
    }
  },
  {
    "model": "auth.user",
    "pk": 70,
    "fields": {
      "password": "pbkdf2_sha256$260000$u8L0uON5lJzIqNP4yiKQhE$I4iodlQm0LIvFcRpnSw9u6BEOSXV1AnE/Pkea1LwvuU=",
      "last_login": null,
      "is_superuser": false,
      "username": "akon.shinigami",
      "first_name": "akon",
      "last_name": "shinigami",
      "email": "akon.shinigami@soulsociety.com",
      "is_staff": false,
      "is_active": true,
      "date_joined": "2021-05-01T02:51:47.440Z",
      "groups": [],
      "user_permissions": []
    }
  },
  {
    "model": "auth.user",
    "pk": 71,
    "fields": {
      "password": "pbkdf2_sha256$260000$W1dh1a2Ug3xv5BforA0ZTO$v02+fhi0da9izeco4bZEaEZNsQL4l2ayKooN+Qw734g=",
      "last_login": null,
      "is_superuser": false,
      "username": "jirobo.ikkanzaka",
      "first_name": "jirōbō",
      "last_name": "ikkanzaka",
      "email": "jirobo.ikkanzaka@soulsociety.com",
      "is_staff": false,
      "is_active": true,
      "date_joined": "2021-05-01T02:51:47Z",
      "groups": [],
      "user_permissions": []
    }
  },
  {
    "model": "auth.user",
    "pk": 72,
    "fields": {
      "password": "pbkdf2_sha256$260000$CVqxIhTPYX4hEYmwXsOpcr$rstA0PnV1xoc3xsnIzfqHmd7npoS4WShHIE0sITZTVo=",
      "last_login": null,
      "is_superuser": false,
      "username": "inose.shinigami",
      "first_name": "inose",
      "last_name": "shinigami",
      "email": "inose.shinigami@soulsociety.com",
      "is_staff": false,
      "is_active": true,
      "date_joined": "2021-05-01T02:51:47.848Z",
      "groups": [],
      "user_permissions": []
    }
  },
  {
    "model": "auth.user",
    "pk": 73,
    "fields": {
      "password": "pbkdf2_sha256$260000$PNRB2eTQ4qbdpBcuLIvnDo$7iDkS/3U+z5O8jZ1GI4d7uLdb9jtlnxY01bIhaBxn2E=",
      "last_login": null,
      "is_superuser": false,
      "username": "nanao.ise",
      "first_name": "nanao",
      "last_name": "ise",
      "email": "nanao.ise@soulsociety.com",
      "is_staff": false,
      "is_active": true,
      "date_joined": "2021-05-01T02:51:48.053Z",
      "groups": [],
      "user_permissions": []
    }
  },
  {
    "model": "auth.user",
    "pk": 74,
    "fields": {
      "password": "pbkdf2_sha256$260000$KYYgg9qRC6h6Yth0H3NIE5$0WTiYqU1TtDZ+X6dyLXJ/ktm+dpa7EhiyBem9gTh0tA=",
      "last_login": null,
      "is_superuser": false,
      "username": "kano.shinigami",
      "first_name": "kanō",
      "last_name": "shinigami",
      "email": "kano.shinigami@soulsociety.com",
      "is_staff": false,
      "is_active": true,
      "date_joined": "2021-05-01T02:51:48Z",
      "groups": [],
      "user_permissions": []
    }
  },
  {
    "model": "auth.user",
    "pk": 75,
    "fields": {
      "password": "pbkdf2_sha256$260000$DvadEVjiQH8GBm7cCCu3ix$0s6VBTiLaDdmo0BCOvCdh0hY1G0uiXuScy5WbpH9Z1Y=",
      "last_login": null,
      "is_superuser": false,
      "username": "ashido.kano",
      "first_name": "ashido",
      "last_name": "kanō",
      "email": "ashido.kano@soulsociety.com",
      "is_staff": false,
      "is_active": true,
      "date_joined": "2021-05-01T02:51:48Z",
      "groups": [],
      "user_permissions": []
    }
  },
  {
    "model": "auth.user",
    "pk": 76,
    "fields": {
      "password": "pbkdf2_sha256$260000$4sLGQM8BhwvU8V1noemDCh$f1n+Vu4SVUuPIHE33jmdoBCGlz26SadsDB8z4KuAokg=",
      "last_login": null,
      "is_superuser": false,
      "username": "hidetomo.kajomaru",
      "first_name": "hidetomo",
      "last_name": "kajōmaru",
      "email": "hidetomo.kajomaru@soulsociety.com",
      "is_staff": false,
      "is_active": true,
      "date_joined": "2021-05-01T02:51:48Z",
      "groups": [],
      "user_permissions": []
    }
  },
  {
    "model": "auth.user",
    "pk": 77,
    "fields": {
      "password": "pbkdf2_sha256$260000$D8LxhnMLCDdBNNw69IPWJc$o7Ipkm00K6H4Ltqh8Hr7x76ZNCCBSa5cdhlawiwFznw=",
      "last_login": null,
      "is_superuser": false,
      "username": "heizo.kasaki",
      "first_name": "heizō",
      "last_name": "kasaki",
      "email": "heizo.kasaki@soulsociety.com",
      "is_staff": false,
      "is_active": true,
      "date_joined": "2021-05-01T02:51:48Z",
      "groups": [],
      "user_permissions": []
    }
  },
  {
    "model": "auth.user",
    "pk": 78,
    "fields": {
      "password": "pbkdf2_sha256$260000$2XAYZyT8zTj6I2E4iSn2Fs$UIMuFfu65ieeaidiKoUU6NtoSAgph3KFUqD/w8WCkns=",
      "last_login": null,
      "is_superuser": false,
      "username": "asuka.katakura",
      "first_name": "asuka",
      "last_name": "katakura",
      "email": "asuka.katakura@soulsociety.com",
      "is_staff": false,
      "is_active": true,
      "date_joined": "2021-05-01T02:51:49.076Z",
      "groups": [],
      "user_permissions": []
    }
  },
  {
    "model": "auth.user",
    "pk": 79,
    "fields": {
      "password": "pbkdf2_sha256$260000$pE55aot2ItIAnbbydXuelH$icsY2yCtdiqxfJS8wLZMVoE4CU5Sqh1GLjZ9cH29PkA=",
      "last_login": null,
      "is_superuser": false,
      "username": "ryusei.kenzaki",
      "first_name": "ryūsei",
      "last_name": "kenzaki",
      "email": "ryusei.kenzaki@soulsociety.com",
      "is_staff": false,
      "is_active": true,
      "date_joined": "2021-05-01T02:51:49Z",
      "groups": [],
      "user_permissions": []
    }
  },
  {
    "model": "auth.user",
    "pk": 80,
    "fields": {
      "password": "pbkdf2_sha256$260000$wHIntKutRklQwJCeoGO8dY$2Y1OpMEu17QeDa//39Zbid/1MWCHHOb7NUxVX0hbGGc=",
      "last_login": null,
      "is_superuser": false,
      "username": "makoto.kibune",
      "first_name": "makoto",
      "last_name": "kibune",
      "email": "makoto.kibune@soulsociety.com",
      "is_staff": false,
      "is_active": true,
      "date_joined": "2021-05-01T02:51:49.500Z",
      "groups": [],
      "user_permissions": []
    }
  },
  {
    "model": "auth.user",
    "pk": 81,
    "fields": {
      "password": "pbkdf2_sha256$260000$xZeDwozvnurWYKUgcEivEi$K+51/MBUaYlKG12EodkKgoIjMBS3lzSJTquWOGEYRfM=",
      "last_login": null,
      "is_superuser": false,
      "username": "kenpachi.kiganjo",
      "first_name": "kenpachi",
      "last_name": "kiganjō",
      "email": "kenpachi.kiganjo@soulsociety.com",
      "is_staff": false,
      "is_active": true,
      "date_joined": "2021-05-01T02:51:49Z",
      "groups": [],
      "user_permissions": []
    }
  },
  {
    "model": "auth.user",
    "pk": 82,
    "fields": {
      "password": "pbkdf2_sha256$260000$7GvrhgcjOz0udboA99TKQ7$Aclp9BVkstBctbEoTPiRImoWcDhlbWvwq6SvCSe8xks=",
      "last_login": null,
      "is_superuser": false,
      "username": "izuru.kira",
      "first_name": "izuru",
      "last_name": "kira",
      "email": "izuru.kira@soulsociety.com",
      "is_staff": false,
      "is_active": true,
      "date_joined": "2021-05-01T02:51:49.921Z",
      "groups": [],
      "user_permissions": []
    }
  },
  {
    "model": "auth.user",
    "pk": 83,
    "fields": {
      "password": "pbkdf2_sha256$260000$Kq5UXSx4mxnRGrrk9vMkzZ$zA0jeT7azYuB9oLWX5UBpQX9Tc7Mt6GewuypHDSuRbw=",
      "last_login": null,
      "is_superuser": false,
      "username": "tenjiro.kirinji",
      "first_name": "tenjirō",
      "last_name": "kirinji",
      "email": "tenjiro.kirinji@soulsociety.com",
      "is_staff": false,
      "is_active": true,
      "date_joined": "2021-05-01T02:51:50Z",
      "groups": [],
      "user_permissions": []
    }
  },
  {
    "model": "auth.user",
    "pk": 84,
    "fields": {
      "password": "pbkdf2_sha256$260000$uJh6X4K861ten7THJ2oVWT$amTa9IJu8zvyedaeFlBu2JPcwTGOdyTWw2ukWxX3yfQ=",
      "last_login": null,
      "is_superuser": false,
      "username": "shinetsu.kisaragi",
      "first_name": "shin'etsu",
      "last_name": "kisaragi",
      "email": "shinetsu.kisaragi@soulsociety.com",
      "is_staff": false,
      "is_active": true,
      "date_joined": "2021-05-01T02:51:50Z",
      "groups": [],
      "user_permissions": []
    }
  },
  {
    "model": "auth.user",
    "pk": 85,
    "fields": {
      "password": "pbkdf2_sha256$260000$6AMH48hk2Prp8g93kQY6FV$KqxB+BPE96Z/5P4hFdMvth8kTB3Ogm8Zui/CuuXapJw=",
      "last_login": null,
      "is_superuser": false,
      "username": "sajin.komamura",
      "first_name": "sajin",
      "last_name": "komamura",
      "email": "sajin.komamura@soulsociety.com",
      "is_staff": false,
      "is_active": true,
      "date_joined": "2021-05-01T02:51:50.550Z",
      "groups": [],
      "user_permissions": []
    }
  },
  {
    "model": "auth.user",
    "pk": 86,
    "fields": {
      "password": "pbkdf2_sha256$260000$13JSyQ2yBS2CXj8NiHdxSO$kiCII6lKHzmfxbANZH3g4dwKG4a4sSqZXsYqJvpL91E=",
      "last_login": null,
      "is_superuser": false,
      "username": "isane.kotetsu",
      "first_name": "isane",
      "last_name": "kotetsu",
      "email": "isane.kotetsu@soulsociety.com",
      "is_staff": false,
      "is_active": true,
      "date_joined": "2021-05-01T02:51:50.759Z",
      "groups": [],
      "user_permissions": []
    }
  },
  {
    "model": "auth.user",
    "pk": 87,
    "fields": {
      "password": "pbkdf2_sha256$260000$UFlgfYjcedZOJME3ywlLQf$DwbeY9FGBspVWeDNUJUGainYCxlmMo81Y0eFuf/eRVQ=",
      "last_login": null,
      "is_superuser": false,
      "username": "sentaro.kotsubaki",
      "first_name": "sentarō",
      "last_name": "kotsubaki",
      "email": "sentaro.kotsubaki@soulsociety.com",
      "is_staff": false,
      "is_active": true,
      "date_joined": "2021-05-01T02:51:50Z",
      "groups": [],
      "user_permissions": []
    }
  },
  {
    "model": "auth.user",
    "pk": 88,
    "fields": {
      "password": "pbkdf2_sha256$260000$OZWfIFk8ixjU1vr0pOr8Wd$Xb/1/yJijirCZy6dJQ27rC2WJniWC7ItUdxL1ODlinA=",
      "last_login": null,
      "is_superuser": false,
      "username": "kukaku.shiba",
      "first_name": "kūkaku",
      "last_name": "shiba",
      "email": "kukaku.shiba@shibaclan.com",
      "is_staff": false,
      "is_active": true,
      "date_joined": "2021-05-01T03:04:12Z",
      "groups": [],
      "user_permissions": []
    }
  },
  {
    "model": "auth.user",
    "pk": 89,
    "fields": {
      "password": "pbkdf2_sha256$260000$pMGPzpul8j78IaQsHUsoHx$8Eui7Z4KXOsqCR3eTkJm694a0gKFdUMFfI288KPEMXM=",
      "last_login": null,
      "is_superuser": false,
      "username": "ganju.shiba",
      "first_name": "ganju",
      "last_name": "shiba",
      "email": "ganju.shiba@shibaclan.com",
      "is_staff": false,
      "is_active": true,
      "date_joined": "2021-05-01T03:04:12.425Z",
      "groups": [],
      "user_permissions": []
    }
  },
  {
    "model": "auth.user",
    "pk": 90,
    "fields": {
      "password": "pbkdf2_sha256$260000$kwcJyG4fHE7zIv2t4hr8ZB$JBq6O4OIkj6wvoa67Rs2JBTK8Z4VsSk/OkD3NINKTis=",
      "last_login": null,
      "is_superuser": false,
      "username": "isshin.shiba",
      "first_name": "isshin",
      "last_name": "shiba",
      "email": "isshin.shiba@shibaclan.com",
      "is_staff": false,
      "is_active": true,
      "date_joined": "2021-05-01T03:04:12.623Z",
      "groups": [],
      "user_permissions": []
    }
  },
  {
    "model": "auth.user",
    "pk": 91,
    "fields": {
      "password": "pbkdf2_sha256$260000$UDAL5qsjeB1yz3WTVQnqZH$ajr8Hm2C1PRgNJYz5OqTp9jsWJx68+/dXtCjNssnlkM=",
      "last_login": null,
      "is_superuser": false,
      "username": "kazui.kurosaki",
      "first_name": "kazui",
      "last_name": "kurosaki",
      "email": "kazui.kurosaki@shibaclan.com",
      "is_staff": false,
      "is_active": true,
      "date_joined": "2021-05-01T03:04:12.811Z",
      "groups": [],
      "user_permissions": []
    }
  },
  {
    "model": "auth.user",
    "pk": 92,
    "fields": {
      "password": "pbkdf2_sha256$260000$rhgfiZPp8PrSVYqItdRVhU$W89FalEzSHY5V/VmJ2KoKSn4UwyyXGQqGlKh6WRYddQ=",
      "last_login": null,
      "is_superuser": false,
      "username": "tensa.zangetsu",
      "first_name": "tensa",
      "last_name": "zangetsu",
      "email": "tensa.zangetsu@zanpakuto.com",
      "is_staff": false,
      "is_active": true,
      "date_joined": "2021-05-01T04:13:32Z",
      "groups": [],
      "user_permissions": []
    }
  },
  {
    "model": "auth.user",
    "pk": 93,
    "fields": {
      "password": "pbkdf2_sha256$260000$NB0pv6gRsEZdcXSp575iMn$cnH9Esp8ZOb6c/TNX/yASRGEmTOluUDIklQxEqBtDvA=",
      "last_login": null,
      "is_superuser": false,
      "username": "kaien.shiba",
      "first_name": "kaien",
      "last_name": "shiba",
      "email": "kaien.shiba@soulsociety.com",
      "is_staff": false,
      "is_active": true,
      "date_joined": "2021-05-01T22:53:16Z",
      "groups": [],
      "user_permissions": []
    }
  },
  {
    "model": "auth.user",
    "pk": 94,
    "fields": {
      "password": "pbkdf2_sha256$260000$p01i6tdfC0WMa8vngEYUuX$hzizpcTNz1Uf8UB5vCCjd8y982g2TVDFpj89gyN9QSY=",
      "last_login": null,
      "is_superuser": false,
      "username": "miyako.shiba",
      "first_name": "miyako",
      "last_name": "shiba",
      "email": "miyako.shiba@soulsociety.com",
      "is_staff": false,
      "is_active": true,
      "date_joined": "2021-05-01T22:56:34Z",
      "groups": [],
      "user_permissions": []
    }
  },
  {
    "model": "auth.user",
    "pk": 95,
    "fields": {
      "password": "pbkdf2_sha256$260000$9zj9QpKue9cYBrFfpNNcGR$ubnYBybdz9Z4LZmIT7VAKGcnBYhgSoYu7IlphcE2H6w=",
      "last_login": null,
      "is_superuser": false,
      "username": "jushiro.ukitake",
      "first_name": "Jūshirō",
      "last_name": "Ukitake",
      "email": "jushiro.ukitake@soulsociety.com",
      "is_staff": false,
      "is_active": true,
      "date_joined": "2021-05-01T23:05:17Z",
      "groups": [],
      "user_permissions": []
    }
  },
  {
    "model": "auth.user",
    "pk": 96,
    "fields": {
      "password": "pbkdf2_sha256$260000$HFk4n6AHrwENdoOhz5eF1T$T1TUYp6zivf0Xv65ODnXf4YZ7BX6sPqE8U6fiTcBPDA=",
      "last_login": null,
      "is_superuser": false,
      "username": "chojiro.sasakibe",
      "first_name": "Chōjirō",
      "last_name": "Sasakibe",
      "email": "chojiro.sasakibe@soulsociety.com",
      "is_staff": false,
      "is_active": true,
      "date_joined": "2021-05-01T23:17:33Z",
      "groups": [],
      "user_permissions": []
    }
  }
]
